INSERT INTO `cliente` (`id`,`nome`,`email`) VALUES (1,'Pedro','pedro@gmail.com');
INSERT INTO `cliente` (`id`,`nome`,`email`) VALUES (2,'Maria','maria@gmail.com');
INSERT INTO `cliente` (`id`,`nome`,`email`) VALUES (3,'Fernando','fernando@gmail.com');
INSERT INTO `cliente` (`id`,`nome`,`email`) VALUES (4,'Jorge','jorge@gmail.com');
INSERT INTO `cliente` (`id`,`nome`,`email`) VALUES (5,'Luiza','luiza@gmail.com');
INSERT INTO `cliente` (`id`,`nome`,`email`) VALUES (6,'Fausto','fausto@gmail.com');
INSERT INTO `cliente` (`id`,`nome`,`email`) VALUES (7,'Luiz','luiz@gmail.com');
INSERT INTO `cliente` (`id`,`nome`,`email`) VALUES (8,'Sergio','sergio@gmail.com');
INSERT INTO `cliente` (`id`,`nome`,`email`) VALUES (9,'Pablo','pablo@gmail.com');
INSERT INTO `cliente` (`id`,`nome`,`email`) VALUES (10,'Pepe','pepe@gmail.com');

INSERT INTO `pedido` (`id`,`num_pedido`) VALUES (1,1);
INSERT INTO `pedido` (`id`,`num_pedido`) VALUES (2,2);
INSERT INTO `pedido` (`id`,`num_pedido`) VALUES (3,3);
INSERT INTO `pedido` (`id`,`num_pedido`) VALUES (4,4);
INSERT INTO `pedido` (`id`,`num_pedido`) VALUES (5,5);
INSERT INTO `pedido` (`id`,`num_pedido`) VALUES (7,6);
INSERT INTO `pedido` (`id`,`num_pedido`) VALUES (8,7);
INSERT INTO `pedido` (`id`,`num_pedido`) VALUES (9,8);
INSERT INTO `pedido` (`id`,`num_pedido`) VALUES (10,9);
INSERT INTO `pedido` (`id`,`num_pedido`) VALUES (11,10);


INSERT INTO `chamado` (`id`,`pedido_id`,`cliente_id`,`titulo`,`observacao`) VALUES (1,1,1,'Lorem ipsum','dolor sit amet, consectetur adipiscing elit. Ut odio sem, porttitor eu justo eget, tincidunt gravida est. Aene');
INSERT INTO `chamado` (`id`,`pedido_id`,`cliente_id`,`titulo`,`observacao`) VALUES (2,2,2,'Donec','d imperdiet eros. Nullam rutrum finibus ipsum, tristique aliquet ipsum ullamcorper a. Aenean cursus, mi ac pretium cursus, nunc magn');
INSERT INTO `chamado` (`id`,`pedido_id`,`cliente_id`,`titulo`,`observacao`) VALUES (3,3,3,'pulvinar','d imperdiet eros. Nullam rutrum finibus ipsum, tristique aliquet ipsum ullamcorper a. Aenean cursus, mi ac pretium cursus, nunc magn');
INSERT INTO `chamado` (`id`,`pedido_id`,`cliente_id`,`titulo`,`observacao`) VALUES (4,4,4,'Nullam','odio, iaculis eget gravida mollis, pulvinar vel ipsum. Quisque mattis arcu lobortis est scelerisque porttitor. Aliquam erat volutpat. Suspendis');
INSERT INTO `chamado` (`id`,`pedido_id`,`cliente_id`,`titulo`,`observacao`) VALUES (5,5,5,'magna','odio, iaculis eget gravida mollis, pulvinar vel ipsum. Quisque mattis arcu lobortis est scelerisque porttitor. Aliquam erat volutpat. Suspendis');
INSERT INTO `chamado` (`id`,`pedido_id`,`cliente_id`,`titulo`,`observacao`) VALUES (6,7,6,'aptent','odio, iaculis eget gravida mollis, pulvinar vel ipsum. Quisque mattis arcu lobortis est scelerisque porttitor. Aliquam erat volutpat. Suspendis');
INSERT INTO `chamado` (`id`,`pedido_id`,`cliente_id`,`titulo`,`observacao`) VALUES (7,8,7,'pellentesque','odio, iaculis eget gravida mollis, pulvinar vel ipsum. Quisque mattis arcu lobortis est scelerisque porttitor. Aliquam erat volutpat. Suspendis');
INSERT INTO `chamado` (`id`,`pedido_id`,`cliente_id`,`titulo`,`observacao`) VALUES (8,9,8,'Quisque','odio, iaculis eget gravida mollis, pulvinar vel ipsum. Quisque mattis arcu lobortis est scelerisque porttitor. Aliquam erat volutpat. Suspendis');
INSERT INTO `chamado` (`id`,`pedido_id`,`cliente_id`,`titulo`,`observacao`) VALUES (9,10,9,'purus','odio, iaculis eget gravida mollis, pulvinar vel ipsum. Quisque mattis arcu lobortis est scelerisque porttitor. Aliquam erat volutpat. Suspendis');
INSERT INTO `chamado` (`id`,`pedido_id`,`cliente_id`,`titulo`,`observacao`) VALUES (10,11,10,'euismod','odio, iaculis eget gravida mollis, pulvinar vel ipsum. Quisque mattis arcu lobortis est scelerisque porttitor. Aliquam erat volutpat. Suspendis');

